{
    "DateFormat": "yyyy.MM.dd_HH.mm.ss",
    "ProcessPath": "C:\\TEMP\\Torrent\\PROCD",
    "LogArchivePath": "C:\\TEMP\\Torrent\\PROCD\\_LOGS",
    "DownloadRootPath": "C:\\TEMP\\Torrent\\Downloads",
    "Label": {
        "TV": "TV",
        "Movie": "Movie"
    },
    "ImportPrograms": {
        "TV": "Medusa"
    },
    "Tools": {
        "WinRarPath": "C:\\Program Files\\WinRAR\\rar.exe",
        "MKVMergePath": "C:\\Program Files\\MKVToolNix\\mkvmerge.exe",
        "MKVExtractPath": "C:\\Program Files\\MKVToolNix\\mkvextract.exe",
        "SubtitleEditPath": "C:\\GitHub\\SubtitleEdit\\SubtitleEdit.exe"
    },
    "Mail": {
        "To": "user@mail.com",
        "From": "TorrentScript@mail.com",
        "FromName": "TorrentScript",
        "SMTPserver": "smtp.mail.com",
        "SMTPport": "465",
        "SMTPuser": "user@mail.com",
        "SMTPpass": "Password123"
    },
    "OpenSub": {
        "User": "user",
        "Password": "Password123",
        "API": "2028C39D",
        "hearing_impaired": "exclude",
        "foreign_parts_only": "exclude",
        "machine_translated": "exclude",
        "ai_translated": "include"
    },
    "WantedLanguages": [
        "eng",
        "dut"
    ],
    "SubtitleNamesToRemove": [
        "Forced"
    ],
    "qBittorrent": {
        "Host": "http://localhost",
        "Port": "8080",
        "User": "admin",
        "Password": "adminadmin"
    },
    "Medusa": {
        "Host": "localhost",
        "Port": "8081",
        "APIKey": "4D5F5811CBE94B7299174D739DEC497E",
        "TimeOutMinutes": "15",
        "RemotePath": "C:\\TEMP\\Torrent\\Medusa"
    },
    "Radarr": {
        "Host": "localhost",
        "Port": "7878",
        "APIKey": "90E0C5B2A1F94D5D81E7D4D5AB62F67E",
        "TimeOutMinutes": "15",
        "RemotePath": "C:\\TEMP\\Torrent\\Radarr"
    },
    "Sonarr": {
        "Host": "localhost",
        "Port": "8989",
        "APIKey": "90E0C5B2A1F94D5D81E7D4D5AB62F67E",
        "TimeOutMinutes": "15",
        "RemotePath": "C:\\TEMP\\Torrent\\Sonarr"
    }
}