{
    "aa": {
        "639-1": "aa",
        "639-2": "aar",
        "name": "Afar"
    },
    "ab": {
        "639-1": "ab",
        "639-2": "abk",
        "name": "Abkhaz"
    },
    "ae": {
        "639-1": "ae",
        "639-2": "ave",
        "name": "Avestan"
    },
    "af": {
        "639-1": "af",
        "639-2": "afr",
        "name": "Afrikaans"
    },
    "ak": {
        "639-1": "ak",
        "639-2": "aka",
        "name": "Akan"
    },
    "am": {
        "639-1": "am",
        "639-2": "amh",
        "name": "Amharic"
    },
    "an": {
        "639-1": "an",
        "639-2": "arg",
        "name": "Aragonese"
    },
    "ar": {
        "639-1": "ar",
        "639-2": "ara",
        "name": "Arabic"
    },
    "as": {
        "639-1": "as",
        "639-2": "asm",
        "name": "Assamese"
    },
    "av": {
        "639-1": "av",
        "639-2": "ava",
        "name": "Avaric"
    },
    "ay": {
        "639-1": "ay",
        "639-2": "aym",
        "name": "Aymara"
    },
    "az": {
        "639-1": "az",
        "639-2": "aze",
        "name": "Azerbaijani"
    },
    "ba": {
        "639-1": "ba",
        "639-2": "bak",
        "name": "Bashkir"
    },
    "be": {
        "639-1": "be",
        "639-2": "bel",
        "name": "Belarusian"
    },
    "bg": {
        "639-1": "bg",
        "639-2": "bul",
        "name": "Bulgarian"
    },
    "bh": {
        "639-1": "bh",
        "639-2": "bih",
        "name": "Bihari"
    },
    "bi": {
        "639-1": "bi",
        "639-2": "bis",
        "name": "Bislama"
    },
    "bm": {
        "639-1": "bm",
        "639-2": "bam",
        "name": "Bambara"
    },
    "bn": {
        "639-1": "bn",
        "639-2": "ben",
        "name": "Bengali, Bangla"
    },
    "bo": {
        "639-1": "bo",
        "639-2": "bod",
        "639-2/B": "tib",
        "name": "Tibetan Standard, Tibetan, Central"
    },
    "br": {
        "639-1": "br",
        "639-2": "bre",
        "name": "Breton"
    },
    "bs": {
        "639-1": "bs",
        "639-2": "bos",
        "name": "Bosnian"
    },
    "ca": {
        "639-1": "ca",
        "639-2": "cat",
        "name": "Catalan"
    },
    "ce": {
        "639-1": "ce",
        "639-2": "che",
        "name": "Chechen"
    },
    "ch": {
        "639-1": "ch",
        "639-2": "cha",
        "name": "Chamorro"
    },
    "co": {
        "639-1": "co",
        "639-2": "cos",
        "name": "Corsican"
    },
    "cr": {
        "639-1": "cr",
        "639-2": "cre",
        "name": "Cree"
    },
    "cs": {
        "639-1": "cs",
        "639-2": "ces",
        "639-2/B": "cze",
        "name": "Czech"
    },
    "cu": {
        "639-1": "cu",
        "639-2": "chu",
        "name": "Old Church Slavonic, Church Slavonic, Old Bulgarian"
    },
    "cv": {
        "639-1": "cv",
        "639-2": "chv",
        "name": "Chuvash"
    },
    "cy": {
        "639-1": "cy",
        "639-2": "cym",
        "639-2/B": "wel",
        "name": "Welsh"
    },
    "da": {
        "639-1": "da",
        "639-2": "dan",
        "name": "Danish"
    },
    "de": {
        "639-1": "de",
        "639-2": "deu",
        "639-2/B": "ger",
        "name": "German"
    },
    "dv": {
        "639-1": "dv",
        "639-2": "div",
        "name": "Divehi, Dhivehi, Maldivian"
    },
    "dz": {
        "639-1": "dz",
        "639-2": "dzo",
        "name": "Dzongkha"
    },
    "ee": {
        "639-1": "ee",
        "639-2": "ewe",
        "name": "Ewe"
    },
    "el": {
        "639-1": "el",
        "639-2": "ell",
        "639-2/B": "gre",
        "name": "Greek (modern)"
    },
    "en": {
        "639-1": "en",
        "639-2": "eng",
        "name": "English"
    },
    "eo": {
        "639-1": "eo",
        "639-2": "epo",
        "name": "Esperanto"
    },
    "es": {
        "639-1": "es",
        "639-2": "spa",
        "name": "Spanish"
    },
    "et": {
        "639-1": "et",
        "639-2": "est",
        "name": "Estonian"
    },
    "eu": {
        "639-1": "eu",
        "639-2": "eus",
        "639-2/B": "baq",
        "name": "Basque"
    },
    "fa": {
        "639-1": "fa",
        "639-2": "fas",
        "639-2/B": "per",
        "name": "Persian (Farsi)"
    },
    "ff": {
        "639-1": "ff",
        "639-2": "ful",
        "name": "Fula, Fulah, Pulaar, Pular"
    },
    "fi": {
        "639-1": "fi",
        "639-2": "fin",
        "name": "Finnish"
    },
    "fj": {
        "639-1": "fj",
        "639-2": "fij",
        "name": "Fijian"
    },
    "fo": {
        "639-1": "fo",
        "639-2": "fao",
        "name": "Faroese"
    },
    "fr": {
        "639-1": "fr",
        "639-2": "fra",
        "639-2/B": "fre",
        "name": "French"
    },
    "fy": {
        "639-1": "fy",
        "639-2": "fry",
        "name": "Western Frisian"
    },
    "ga": {
        "639-1": "ga",
        "639-2": "gle",
        "name": "Irish"
    },
    "gd": {
        "639-1": "gd",
        "639-2": "gla",
        "name": "Scottish Gaelic, Gaelic"
    },
    "gl": {
        "639-1": "gl",
        "639-2": "glg",
        "name": "Galician"
    },
    "gn": {
        "639-1": "gn",
        "639-2": "grn",
        "name": "Guaraní"
    },
    "gu": {
        "639-1": "gu",
        "639-2": "guj",
        "name": "Gujarati"
    },
    "gv": {
        "639-1": "gv",
        "639-2": "glv",
        "name": "Manx"
    },
    "ha": {
        "639-1": "ha",
        "639-2": "hau",
        "name": "Hausa"
    },
    "he": {
        "639-1": "he",
        "639-2": "heb",
        "name": "Hebrew (modern)"
    },
    "hi": {
        "639-1": "hi",
        "639-2": "hin",
        "name": "Hindi"
    },
    "ho": {
        "639-1": "ho",
        "639-2": "hmo",
        "name": "Hiri Motu"
    },
    "hr": {
        "639-1": "hr",
        "639-2": "hrv",
        "name": "Croatian"
    },
    "ht": {
        "639-1": "ht",
        "639-2": "hat",
        "name": "Haitian, Haitian Creole"
    },
    "hu": {
        "639-1": "hu",
        "639-2": "hun",
        "name": "Hungarian"
    },
    "hy": {
        "639-1": "hy",
        "639-2": "hye",
        "639-2/B": "arm",
        "name": "Armenian"
    },
    "hz": {
        "639-1": "hz",
        "639-2": "her",
        "name": "Herero"
    },
    "ia": {
        "639-1": "ia",
        "639-2": "ina",
        "name": "Interlingua"
    },
    "id": {
        "639-1": "id",
        "639-2": "ind",
        "name": "Indonesian"
    },
    "ie": {
        "639-1": "ie",
        "639-2": "ile",
        "name": "Interlingue"
    },
    "ig": {
        "639-1": "ig",
        "639-2": "ibo",
        "name": "Igbo"
    },
    "ii": {
        "639-1": "ii",
        "639-2": "iii",
        "name": "Nuosu"
    },
    "ik": {
        "639-1": "ik",
        "639-2": "ipk",
        "name": "Inupiaq"
    },
    "io": {
        "639-1": "io",
        "639-2": "ido",
        "name": "Ido"
    },
    "is": {
        "639-1": "is",
        "639-2": "isl",
        "639-2/B": "ice",
        "name": "Icelandic"
    },
    "it": {
        "639-1": "it",
        "639-2": "ita",
        "name": "Italian"
    },
    "iu": {
        "639-1": "iu",
        "639-2": "iku",
        "name": "Inuktitut"
    },
    "ja": {
        "639-1": "ja",
        "639-2": "jpn",
        "name": "Japanese"
    },
    "jv": {
        "639-1": "jv",
        "639-2": "jav",
        "name": "Javanese"
    },
    "ka": {
        "639-1": "ka",
        "639-2": "kat",
        "639-2/B": "geo",
        "name": "Georgian"
    },
    "kg": {
        "639-1": "kg",
        "639-2": "kon",
        "name": "Kongo"
    },
    "ki": {
        "639-1": "ki",
        "639-2": "kik",
        "name": "Kikuyu, Gikuyu"
    },
    "kj": {
        "639-1": "kj",
        "639-2": "kua",
        "name": "Kwanyama, Kuanyama"
    },
    "kk": {
        "639-1": "kk",
        "639-2": "kaz",
        "name": "Kazakh"
    },
    "kl": {
        "639-1": "kl",
        "639-2": "kal",
        "name": "Kalaallisut, Greenlandic"
    },
    "km": {
        "639-1": "km",
        "639-2": "khm",
        "name": "Khmer"
    },
    "kn": {
        "639-1": "kn",
        "639-2": "kan",
        "name": "Kannada"
    },
    "ko": {
        "639-1": "ko",
        "639-2": "kor",
        "name": "Korean"
    },
    "kr": {
        "639-1": "kr",
        "639-2": "kau",
        "name": "Kanuri"
    },
    "ks": {
        "639-1": "ks",
        "639-2": "kas",
        "name": "Kashmiri"
    },
    "ku": {
        "639-1": "ku",
        "639-2": "kur",
        "name": "Kurdish"
    },
    "kv": {
        "639-1": "kv",
        "639-2": "kom",
        "name": "Komi"
    },
    "kw": {
        "639-1": "kw",
        "639-2": "cor",
        "name": "Cornish"
    },
    "ky": {
        "639-1": "ky",
        "639-2": "kir",
        "name": "Kyrgyz"
    },
    "la": {
        "639-1": "la",
        "639-2": "lat",
        "name": "Latin"
    },
    "lb": {
        "639-1": "lb",
        "639-2": "ltz",
        "name": "Luxembourgish, Letzeburgesch"
    },
    "lg": {
        "639-1": "lg",
        "639-2": "lug",
        "name": "Ganda"
    },
    "li": {
        "639-1": "li",
        "639-2": "lim",
        "name": "Limburgish, Limburgan, Limburger"
    },
    "ln": {
        "639-1": "ln",
        "639-2": "lin",
        "name": "Lingala"
    },
    "lo": {
        "639-1": "lo",
        "639-2": "lao",
        "name": "Lao"
    },
    "lt": {
        "639-1": "lt",
        "639-2": "lit",
        "name": "Lithuanian"
    },
    "lu": {
        "639-1": "lu",
        "639-2": "lub",
        "name": "Luba-Katanga"
    },
    "lv": {
        "639-1": "lv",
        "639-2": "lav",
        "name": "Latvian"
    },
    "mg": {
        "639-1": "mg",
        "639-2": "mlg",
        "name": "Malagasy"
    },
    "mh": {
        "639-1": "mh",
        "639-2": "mah",
        "name": "Marshallese"
    },
    "mi": {
        "639-1": "mi",
        "639-2": "mri",
        "639-2/B": "mao",
        "name": "Māori"
    },
    "mk": {
        "639-1": "mk",
        "639-2": "mkd",
        "639-2/B": "mac",
        "name": "Macedonian"
    },
    "ml": {
        "639-1": "ml",
        "639-2": "mal",
        "name": "Malayalam"
    },
    "mn": {
        "639-1": "mn",
        "639-2": "mon",
        "name": "Mongolian"
    },
    "mr": {
        "639-1": "mr",
        "639-2": "mar",
        "name": "Marathi (Marāṭhī)"
    },
    "ms": {
        "639-1": "ms",
        "639-2": "msa",
        "639-2/B": "may",
        "name": "Malay"
    },
    "mt": {
        "639-1": "mt",
        "639-2": "mlt",
        "name": "Maltese"
    },
    "my": {
        "639-1": "my",
        "639-2": "mya",
        "639-2/B": "bur",
        "name": "Burmese"
    },
    "na": {
        "639-1": "na",
        "639-2": "nau",
        "name": "Nauruan"
    },
    "nb": {
        "639-1": "nb",
        "639-2": "nob",
        "name": "Norwegian Bokmål"
    },
    "nd": {
        "639-1": "nd",
        "639-2": "nde",
        "name": "Northern Ndebele"
    },
    "ne": {
        "639-1": "ne",
        "639-2": "nep",
        "name": "Nepali"
    },
    "ng": {
        "639-1": "ng",
        "639-2": "ndo",
        "name": "Ndonga"
    },
    "nl": {
        "639-1": "nl",
        "639-2": "nld",
        "639-2/B": "dut",
        "name": "Dutch"
    },
    "nn": {
        "639-1": "nn",
        "639-2": "nno",
        "name": "Norwegian Nynorsk"
    },
    "no": {
        "639-1": "no",
        "639-2": "nor",
        "name": "Norwegian"
    },
    "nr": {
        "639-1": "nr",
        "639-2": "nbl",
        "name": "Southern Ndebele"
    },
    "nv": {
        "639-1": "nv",
        "639-2": "nav",
        "name": "Navajo, Navaho"
    },
    "ny": {
        "639-1": "ny",
        "639-2": "nya",
        "name": "Chichewa, Chewa, Nyanja"
    },
    "oc": {
        "639-1": "oc",
        "639-2": "oci",
        "name": "Occitan"
    },
    "oj": {
        "639-1": "oj",
        "639-2": "oji",
        "name": "Ojibwe, Ojibwa"
    },
    "om": {
        "639-1": "om",
        "639-2": "orm",
        "name": "Oromo"
    },
    "or": {
        "639-1": "or",
        "639-2": "ori",
        "name": "Oriya"
    },
    "os": {
        "639-1": "os",
        "639-2": "oss",
        "name": "Ossetian, Ossetic"
    },
    "pa": {
        "639-1": "pa",
        "639-2": "pan",
        "name": "(Eastern) Punjabi"
    },
    "pi": {
        "639-1": "pi",
        "639-2": "pli",
        "name": "Pāli"
    },
    "pl": {
        "639-1": "pl",
        "639-2": "pol",
        "name": "Polish"
    },
    "ps": {
        "639-1": "ps",
        "639-2": "pus",
        "name": "Pashto, Pushto"
    },
    "pt": {
        "639-1": "pt",
        "639-2": "por",
        "name": "Portuguese"
    },
    "qu": {
        "639-1": "qu",
        "639-2": "que",
        "name": "Quechua"
    },
    "rm": {
        "639-1": "rm",
        "639-2": "roh",
        "name": "Romansh"
    },
    "rn": {
        "639-1": "rn",
        "639-2": "run",
        "name": "Kirundi"
    },
    "ro": {
        "639-1": "ro",
        "639-2": "ron",
        "639-2/B": "rum",
        "name": "Romanian"
    },
    "ru": {
        "639-1": "ru",
        "639-2": "rus",
        "name": "Russian"
    },
    "rw": {
        "639-1": "rw",
        "639-2": "kin",
        "name": "Kinyarwanda"
    },
    "sa": {
        "639-1": "sa",
        "639-2": "san",
        "name": "Sanskrit (Saṁskṛta)"
    },
    "sc": {
        "639-1": "sc",
        "639-2": "srd",
        "name": "Sardinian"
    },
    "sd": {
        "639-1": "sd",
        "639-2": "snd",
        "name": "Sindhi"
    },
    "se": {
        "639-1": "se",
        "639-2": "sme",
        "name": "Northern Sami"
    },
    "sg": {
        "639-1": "sg",
        "639-2": "sag",
        "name": "Sango"
    },
    "si": {
        "639-1": "si",
        "639-2": "sin",
        "name": "Sinhalese, Sinhala"
    },
    "sk": {
        "639-1": "sk",
        "639-2": "slk",
        "639-2/B": "slo",
        "name": "Slovak"
    },
    "sl": {
        "639-1": "sl",
        "639-2": "slv",
        "name": "Slovene"
    },
    "sm": {
        "639-1": "sm",
        "639-2": "smo",
        "name": "Samoan"
    },
    "sn": {
        "639-1": "sn",
        "639-2": "sna",
        "name": "Shona"
    },
    "so": {
        "639-1": "so",
        "639-2": "som",
        "name": "Somali"
    },
    "sq": {
        "639-1": "sq",
        "639-2": "sqi",
        "639-2/B": "alb",
        "name": "Albanian"
    },
    "sr": {
        "639-1": "sr",
        "639-2": "srp",
        "name": "Serbian"
    },
    "ss": {
        "639-1": "ss",
        "639-2": "ssw",
        "name": "Swati"
    },
    "st": {
        "639-1": "st",
        "639-2": "sot",
        "name": "Southern Sotho"
    },
    "su": {
        "639-1": "su",
        "639-2": "sun",
        "name": "Sundanese"
    },
    "sv": {
        "639-1": "sv",
        "639-2": "swe",
        "name": "Swedish"
    },
    "sw": {
        "639-1": "sw",
        "639-2": "swa",
        "name": "Swahili"
    },
    "ta": {
        "639-1": "ta",
        "639-2": "tam",
        "name": "Tamil"
    },
    "te": {
        "639-1": "te",
        "639-2": "tel",
        "name": "Telugu"
    },
    "tg": {
        "639-1": "tg",
        "639-2": "tgk",
        "name": "Tajik"
    },
    "th": {
        "639-1": "th",
        "639-2": "tha",
        "name": "Thai"
    },
    "ti": {
        "639-1": "ti",
        "639-2": "tir",
        "name": "Tigrinya"
    },
    "tk": {
        "639-1": "tk",
        "639-2": "tuk",
        "name": "Turkmen"
    },
    "tl": {
        "639-1": "tl",
        "639-2": "tgl",
        "name": "Tagalog"
    },
    "tn": {
        "639-1": "tn",
        "639-2": "tsn",
        "name": "Tswana"
    },
    "to": {
        "639-1": "to",
        "639-2": "ton",
        "name": "Tonga (Tonga Islands)"
    },
    "tr": {
        "639-1": "tr",
        "639-2": "tur",
        "name": "Turkish"
    },
    "ts": {
        "639-1": "ts",
        "639-2": "tso",
        "name": "Tsonga"
    },
    "tt": {
        "639-1": "tt",
        "639-2": "tat",
        "name": "Tatar"
    },
    "tw": {
        "639-1": "tw",
        "639-2": "twi",
        "name": "Twi"
    },
    "ty": {
        "639-1": "ty",
        "639-2": "tah",
        "name": "Tahitian"
    },
    "ug": {
        "639-1": "ug",
        "639-2": "uig",
        "name": "Uyghur"
    },
    "uk": {
        "639-1": "uk",
        "639-2": "ukr",
        "name": "Ukrainian"
    },
    "ur": {
        "639-1": "ur",
        "639-2": "urd",
        "name": "Urdu"
    },
    "uz": {
        "639-1": "uz",
        "639-2": "uzb",
        "name": "Uzbek"
    },
    "ve": {
        "639-1": "ve",
        "639-2": "ven",
        "name": "Venda"
    },
    "vi": {
        "639-1": "vi",
        "639-2": "vie",
        "name": "Vietnamese"
    },
    "vo": {
        "639-1": "vo",
        "639-2": "vol",
        "name": "Volapük"
    },
    "wa": {
        "639-1": "wa",
        "639-2": "wln",
        "name": "Walloon"
    },
    "wo": {
        "639-1": "wo",
        "639-2": "wol",
        "name": "Wolof"
    },
    "xh": {
        "639-1": "xh",
        "639-2": "xho",
        "name": "Xhosa"
    },
    "yi": {
        "639-1": "yi",
        "639-2": "yid",
        "name": "Yiddish"
    },
    "yo": {
        "639-1": "yo",
        "639-2": "yor",
        "name": "Yoruba"
    },
    "za": {
        "639-1": "za",
        "639-2": "zha",
        "name": "Zhuang, Chuang"
    },
    "zh": {
        "639-1": "zh",
        "639-2": "zho",
        "639-2/B": "chi",
        "name": "Chinese"
    },
    "zu": {
        "639-1": "zu",
        "639-2": "zul",
        "name": "Zulu"
    }
}